,Supplier_Lead_Time,Inventory_Levels,Order_Frequency,Delivery_Performance,Cost_Per_Unit
Supplier_Lead_Time,1.0,-0.07750823136801752,0.030269169448952332,-0.16814817771370083,0.10790222435471347
Inventory_Levels,-0.07750823136801752,1.0,0.178744133428885,0.3549785771877131,-0.0623176551221969
Order_Frequency,0.030269169448952332,0.178744133428885,1.0,0.0915555731921538,0.18358853621486498
Delivery_Performance,-0.16814817771370083,0.3549785771877131,0.0915555731921538,1.0,0.087134755193899
Cost_Per_Unit,0.10790222435471347,-0.0623176551221969,0.18358853621486498,0.087134755193899,1.0
